{"stats":{"minecraft:broken":{"minecraft:stone_pickaxe":1,"minecraft:wooden_sword":1},"minecraft:crafted":{"minecraft:cooked_beef":12,"minecraft:wooden_sword":1,"minecraft:oak_planks":128,"sophisticatedbackpacks:backpack":1,"minecraft:crafting_table":1,"minecraft:wooden_pickaxe":1,"minecraft:iron_sword":1,"minecraft:furnace":2,"minecraft:stone_axe":2,"minecraft:air":0,"minecraft:oak_boat":1,"minecraft:shield":2,"tombstone:grave_key":2,"minecraft:stick":16,"minecraft:iron_ingot":4,"minecraft:stone_pickaxe":2,"minecraft:wooden_axe":1,"minecraft:chest":1,"minecraft:torch":32},"minecraft:custom":{"minecraft:interact_with_furnace":26,"minecraft:mob_kills":19,"minecraft:interact_with_crafting_table":12,"minecraft:open_barrel":2,"minecraft:leave_game":3,"minecraft:time_since_death":716,"minecraft:time_since_rest":536,"minecraft:sprint_one_cm":136978,"minecraft:damage_taken":2139,"minecraft:walk_one_cm":111623,"minecraft:damage_blocked_by_shield":70,"minecraft:drop":11,"minecraft:damage_dealt":3440,"minecraft:swim_one_cm":4475,"minecraft:fly_one_cm":213260,"minecraft:crouch_one_cm":6143,"minecraft:play_time":45868,"tombstone:undead_killed":9,"minecraft:deaths":6,"minecraft:sneak_time":2422,"minecraft:walk_under_water_one_cm":762,"minecraft:boat_one_cm":66981,"minecraft:jump":870,"minecraft:walk_on_water_one_cm":2082,"minecraft:total_world_time":45868,"minecraft:fall_one_cm":27982},"minecraft:killed_by":{"minecraft:player":1,"irons_spellbooks:necromancer":3,"minecraft:skeleton":1},"minecraft:picked_up":{"minecraft:crafting_table":8,"minecraft:andesite":6,"minecraft:leather":5,"minecraft:tuff":1,"minecraft:oak_log":32,"supplementaries:flax_seeds":2,"minecraft:gunpowder":2,"minecraft:dirt":2,"minecraft:string":10,"minecraft:bone":4,"minecraft:cobbled_deepslate":4,"minecraft:beef":12,"minecraft:powered_rail":1,"minecraft:furnace":4,"minecraft:stick":6,"minecraft:raw_iron":29,"minecraft:torch":12,"minecraft:gravel":1,"tombstone:grave_dust":1,"minecraft:diorite":2,"minecraft:rotten_flesh":2,"waystones:waystone":1,"alexscaves:spelunkery_table":1,"supplementaries:ash":7,"minecraft:oak_sapling":7,"minecraft:coal":105,"minecraft:cobblestone":85,"minecraft:sunflower":2},"minecraft:killed":{"minecraft:cave_spider":1,"irons_spellbooks:summoned_zombie":1,"irons_spellbooks:necromancer":1,"minecraft:creeper":2,"minecraft:skeleton":2,"minecraft:zombie":4,"irons_spellbooks:summoned_skeleton":1,"minecraft:cow":7},"minecraft:used":{"minecraft:stone_pickaxe":191,"minecraft:oak_planks":1,"minecraft:shield":1,"minecraft:wooden_pickaxe":10,"minecraft:iron_sword":22,"minecraft:torch":30,"minecraft:dirt":1,"minecraft:crafting_table":7,"minecraft:wooden_axe":28,"tombstone:grave_key":2,"minecraft:stone_axe":16,"minecraft:wooden_sword":49,"minecraft:cobblestone":23,"minecraft:furnace":4,"minecraft:andesite":6,"minecraft:oak_boat":1,"alexsmobs:animal_dictionary":1,"minecraft:cooked_beef":7},"minecraft:dropped":{"minecraft:cooked_beef":5,"supplementaries:flax_seeds":2,"minecraft:shield":1,"minecraft:oak_sapling":7,"minecraft:wooden_pickaxe":1},"minecraft:mined":{"alexscaves:spelunkery_table":1,"minecraft:tuff":1,"minecraft:powder_snow":8,"minecraft:crafting_table":8,"minecraft:grass_block":1,"minecraft:cobblestone":7,"minecraft:spawner":1,"supplementaries:urn":3,"minecraft:furnace":4,"minecraft:andesite":3,"minecraft:grass":6,"minecraft:oak_log":32,"minecraft:coal_ore":64,"minecraft:deepslate_iron_ore":29,"minecraft:sunflower":2,"minecraft:gravel":1,"minecraft:cobweb":8,"minecraft:stone":83,"minecraft:oak_leaves":2,"minecraft:deepslate":4}},"DataVersion":3465}