{"stats":{"minecraft:used":{"irons_spellbooks:inscription_table":2,"minecraft:iron_shovel":115,"minecraft:diamond_hoe":27,"minecraft:chest":3,"minecraft:shield":57,"minecraft:white_terracotta":2,"minecraft:iron_sword":235,"minecraft:bell":5,"minecraft:rotten_flesh":9,"minecraft:tuff":1,"minecraft:obsidian":10,"minecraft:glass":43,"minecraft:bow":133,"minecraft:furnace":12,"minecraft:stone_pickaxe":235,"minecraft:oak_planks":82,"minecraft:ender_pearl":2,"minecraft:wooden_pickaxe":10,"minecraft:sugar_cane":17,"minecraft:golden_apple":1,"minecraft:glow_berries":24,"alexscaves:cave_book":1,"alexsmobs:terrapin_bucket":5,"waystones:waystone":1,"minecraft:melon_slice":3,"minecraft:lectern":9,"tombstone:grave_key":15,"minecraft:gravel":16,"minecraft:wooden_sword":49,"minecraft:andesite":11,"minecraft:mossy_cobblestone_wall":1,"minecraft:oak_boat":9,"alexsmobs:leafcutter_ant_chamber":17,"minecraft:bone_meal":3,"minecraft:oak_fence":1,"minecraft:oak_trapdoor":2,"minecraft:flint_and_steel":1,"minecraft:cracked_deepslate_bricks":1,"minecraft:netherrack":3,"minecraft:torch":76,"minecraft:dirt":26,"minecraft:twisting_vines":1,"minecraft:golden_chestplate":1,"minecraft:wooden_axe":28,"minecraft:iron_axe":66,"minecraft:iron_boots":1,"alexscaves:spelunkery_table":1,"minecraft:beef":9,"minecraft:soul_soil":1,"tombstone:gift":6,"minecraft:cooked_beef":7,"minecraft:cobbled_deepslate":93,"minecraft:cooked_mutton":10,"minecraft:water_bucket":36,"minecraft:fletching_table":5,"minecraft:crafting_table":13,"minecraft:white_bed":5,"minecraft:dark_prismarine":1,"minecraft:diamond_pickaxe":209,"minecraft:chicken":1,"minecraft:iron_pickaxe":242,"minecraft:crimson_nylium":1,"minecraft:stone_axe":116,"minecraft:crimson_fungus":4,"minecraft:cobblestone":157,"minecraft:potion":4,"minecraft:cooked_porkchop":7,"minecraft:bucket":47,"minecraft:yellow_bed":5,"alexsmobs:animal_dictionary":1,"minecraft:stripped_oak_log":1,"minecraft:gray_wool":11},"minecraft:mined":{"minecraft:dark_prismarine_stairs":1,"minecraft:white_bed":6,"minecraft:sculk_vein":2,"minecraft:obsidian":11,"minecraft:granite":29,"minecraft:red_sand":1,"minecraft:grass_block":20,"minecraft:soul_soil":3,"minecraft:crimson_fungus":4,"minecraft:oxeye_daisy":1,"minecraft:spawner":1,"minecraft:weeping_vines_plant":1,"minecraft:cobbled_deepslate":5,"minecraft:iron_ore":31,"minecraft:fire":45,"alexscaves:abyssmarine_bricks":7,"minecraft:deepslate_lapis_ore":1,"minecraft:fletching_table":3,"minecraft:sculk_shrieker":7,"minecraft:dirt_path":2,"minecraft:twisting_vines_plant":2,"minecraft:powder_snow":8,"minecraft:melon":4,"minecraft:glass":1,"minecraft:cobblestone":22,"minecraft:sugar_cane":5,"minecraft:oak_planks":27,"minecraft:wall_torch":1,"minecraft:white_terracotta":3,"minecraft:chain":3,"minecraft:nether_wart_block":1,"minecraft:tnt":3,"minecraft:grass":37,"minecraft:oak_log":77,"minecraft:sand":50,"minecraft:dirt":24,"minecraft:netherrack":3,"minecraft:oak_leaves":10,"minecraft:deepslate":173,"minecraft:dark_prismarine":8,"alexscaves:spelunkery_table":2,"minecraft:tuff":1,"minecraft:deepslate_diamond_ore":2,"alexscaves:abyssmarine":4,"alexsmobs:leafcutter_ant_chamber":27,"minecraft:crimson_stem":8,"minecraft:furnace":10,"minecraft:andesite":34,"minecraft:bell":6,"minecraft:bookshelf":5,"minecraft:deepslate_iron_ore":29,"minecraft:stripped_oak_log":1,"irons_spellbooks:inscription_table":2,"minecraft:stone":181,"minecraft:bone_block":13,"minecraft:oak_slab":3,"minecraft:glass_pane":1,"alexscaves:abyssmarine_tiles":4,"minecraft:dandelion":1,"minecraft:oak_fence":1,"minecraft:crafting_table":12,"minecraft:sculk_sensor":12,"minecraft:lectern":9,"minecraft:tall_grass":1,"minecraft:copper_ore":3,"minecraft:cracked_deepslate_bricks":1,"minecraft:sculk":11,"minecraft:diorite":10,"supplementaries:urn":35,"minecraft:gray_wool":13,"alexscaves:depth_glass":3,"alexscaves:abyssmarine_stairs":2,"minecraft:yellow_bed":5,"minecraft:coal_ore":65,"minecraft:sunflower":2,"minecraft:gravel":45,"minecraft:cobweb":9,"minecraft:gold_ore":9},"minecraft:custom":{"minecraft:interact_with_crafting_table":56,"minecraft:open_barrel":15,"minecraft:bell_ring":180,"minecraft:leave_game":6,"minecraft:time_since_death":372,"minecraft:sprint_one_cm":529122,"minecraft:damage_blocked_by_shield":3627,"minecraft:drop":70,"minecraft:talked_to_villager":24,"minecraft:play_time":320781,"minecraft:deaths":36,"minecraft:jump":4969,"minecraft:walk_on_water_one_cm":40429,"minecraft:interact_with_furnace":105,"minecraft:traded_with_villager":4,"minecraft:interact_with_loom":2,"minecraft:sleep_in_bed":11,"minecraft:waystone_activated":3,"minecraft:damage_dealt":22320,"minecraft:player_kills":5,"minecraft:crouch_one_cm":68609,"tombstone:undead_killed":40,"tombstone:villager_killed":2,"minecraft:mob_kills":89,"minecraft:climb_one_cm":7896,"minecraft:walk_one_cm":506862,"minecraft:sneak_time":21530,"minecraft:walk_under_water_one_cm":101937,"minecraft:boat_one_cm":800670,"minecraft:total_world_time":320781,"minecraft:time_since_rest":55,"minecraft:damage_taken":13804,"minecraft:swim_one_cm":112155,"minecraft:fly_one_cm":1131585,"minecraft:open_chest":102,"minecraft:fall_one_cm":151354},"minecraft:killed_by":{"irons_spellbooks:priest":1,"minecraft:drowned":1,"minecraft:zombie":4,"minecraft:player":11,"irons_spellbooks:necromancer":7,"alexsmobs:centipede_head":2,"minecraft:skeleton":6},"minecraft:broken":{"minecraft:iron_boots":1,"minecraft:stone_pickaxe":1,"minecraft:wooden_sword":1,"minecraft:stone_axe":1,"minecraft:golden_chestplate":1,"minecraft:shield":1,"minecraft:iron_helmet":1},"minecraft:killed":{"minecraft:cave_spider":1,"irons_spellbooks:priest":1,"minecraft:spider":6,"minecraft:skeleton":16,"alexsmobs:leafcutter_ant":1,"irons_spellbooks:summoned_skeleton":2,"minecraft:pig":4,"minecraft:iron_golem":2,"irons_spellbooks:necromancer":1,"minecraft:creeper":4,"minecraft:sheep":11,"minecraft:zombie":16,"minecraft:cow":11,"minecraft:vex":2,"irons_spellbooks:summoned_zombie":3,"alexsmobs:soul_vulture":2,"minecraft:warden":1,"minecraft:wandering_trader":1,"minecraft:villager":1},"minecraft:dropped":{"minecraft:cooked_beef":5,"irons_spellbooks:lightning_bottle":1,"minecraft:leather":3,"minecraft:twisting_vines":2,"minecraft:poppy":2,"supplementaries:flax_seeds":2,"minecraft:chest":1,"minecraft:crimson_planks":3,"minecraft:iron_ingot":10,"minecraft:wheat_seeds":1,"minecraft:coal":20,"minecraft:stick":2,"irons_spellbooks:scroll":1,"minecraft:iron_leggings":2,"irons_spellbooks:blood_vial":1,"minecraft:paper":6,"minecraft:blaze_rod":2,"minecraft:iron_boots":1,"minecraft:shield":1,"minecraft:iron_chestplate":2,"minecraft:oak_sapling":7,"tombstone:essence_of_undeath":1,"minecraft:wooden_pickaxe":1},"minecraft:crafted":{"minecraft:oak_planks":300,"irons_spellbooks:iron_spell_book":1,"irons_spellbooks:artificer_cane":1,"minecraft:cooked_mutton":11,"minecraft:glass":50,"minecraft:bow":1,"minecraft:iron_boots":3,"tombstone:grave_key":17,"minecraft:chest":5,"sophisticatedbackpacks:backpack":1,"minecraft:emerald":4,"minecraft:cooked_porkchop":8,"minecraft:crafting_table":1,"minecraft:wooden_pickaxe":1,"minecraft:iron_helmet":1,"minecraft:fletching_table":2,"minecraft:iron_chestplate":2,"minecraft:diamond_pickaxe":1,"minecraft:shield":3,"minecraft:stick":188,"minecraft:iron_pickaxe":1,"minecraft:iron_ingot":70,"minecraft:gold_ingot":14,"irons_spellbooks:magic_cloth":2,"minecraft:wooden_sword":1,"minecraft:furnace":3,"minecraft:bone_meal":18,"alexscaves:cave_map":2,"minecraft:oak_trapdoor":2,"minecraft:flint_and_steel":1,"minecraft:iron_axe":1,"minecraft:stone_pickaxe":2,"sophisticatedbackpacks:iron_backpack":1,"minecraft:cooked_beef":12,"minecraft:crimson_planks":32,"minecraft:iron_sword":1,"sophisticatedbackpacks:gold_backpack":1,"minecraft:bucket":1,"minecraft:stone_axe":2,"minecraft:air":0,"minecraft:oak_boat":1,"minecraft:wooden_axe":1,"minecraft:iron_shovel":1,"minecraft:iron_leggings":1,"minecraft:torch":148},"minecraft:picked_up":{"irons_spellbooks:scroll":2,"minecraft:lead":1,"alexscaves:cave_tablet":6,"minecraft:amethyst_block":12,"minecraft:string":12,"minecraft:soul_soil":3,"minecraft:raw_copper":14,"minecraft:zombie_head":1,"irons_spellbooks:arcane_essence":9,"minecraft:red_sand":1,"minecraft:gold_nugget":49,"minecraft:cobbled_deepslate":167,"minecraft:melon_slice":21,"irons_spellbooks:inscription_table":2,"minecraft:furnace":11,"alexsmobs:leafcutter_ant_chamber":25,"minecraft:stick":6,"minecraft:oak_fence":1,"minecraft:torch":27,"alexscaves:abyssmarine_tiles":4,"minecraft:porkchop":8,"minecraft:diorite":12,"tombstone:grave_dust":4,"minecraft:golden_chestplate":1,"minecraft:rotten_flesh":12,"supplementaries:antique_ink":3,"minecraft:white_terracotta":4,"supplementaries:ash":55,"minecraft:obsidian":11,"minecraft:snowball":3,"minecraft:cobblestone":195,"minecraft:andesite":34,"minecraft:black_bed":1,"minecraft:flint":5,"minecraft:tuff":2,"supplementaries:flax_seeds":8,"minecraft:dirt":56,"minecraft:lapis_lazuli":6,"minecraft:lantern":2,"minecraft:twisting_vines":3,"minecraft:bone":40,"minecraft:bow":1,"minecraft:wheat_seeds":4,"minecraft:raw_gold":14,"minecraft:bell":6,"minecraft:fletching_table":3,"minecraft:powered_rail":1,"minecraft:oak_planks":27,"alexscaves:abyssmarine":2,"minecraft:sand":50,"minecraft:dark_prismarine":9,"minecraft:diamond":6,"waystones:waystone":1,"minecraft:granite":29,"minecraft:emerald":12,"minecraft:oak_sapling":7,"minecraft:netherrack":3,"minecraft:cocoa_beans":2,"minecraft:crafting_table":12,"minecraft:chicken":1,"minecraft:ladder":1,"irons_spellbooks:tarnished_helmet":1,"minecraft:chain":3,"minecraft:stone_stairs":1,"minecraft:mossy_cobblestone_wall":1,"minecraft:beef":21,"minecraft:oak_boat":6,"minecraft:iron_nugget":47,"minecraft:poppy":2,"minecraft:light_gray_wool":1,"minecraft:lectern":9,"minecraft:sugar_cane":24,"minecraft:raw_iron":60,"alexscaves:abyssmarine_stairs":2,"minecraft:redstone":27,"alexsmobs:leafcutter_ant_pupa":1,"minecraft:tnt":3,"supplementaries:sign_post_oak":2,"minecraft:arrow":14,"alexscaves:spelunkery_table":2,"minecraft:cracked_deepslate_bricks":1,"tombstone:essence_of_undeath":2,"alexscaves:abyssmarine_brick_stairs":1,"minecraft:mutton":14,"minecraft:white_wool":11,"minecraft:bone_block":12,"minecraft:stripped_oak_log":1,"minecraft:crimson_stem":8,"minecraft:leather":13,"minecraft:crimson_fungus":4,"alexscaves:depth_glass":3,"minecraft:oak_log":75,"minecraft:yellow_bed":5,"minecraft:nether_wart_block":1,"minecraft:gunpowder":3,"minecraft:paper":3,"tombstone:gift":1,"irons_spellbooks:common_ink":1,"minecraft:kelp":64,"minecraft:iron_ingot":9,"minecraft:soul_sand":8,"minecraft:book":15,"minecraft:sculk_catalyst":1,"minecraft:oak_slab":3,"minecraft:dandelion":1,"minecraft:gravel":40,"minecraft:amethyst_shard":8,"minecraft:white_bed":6,"alexscaves:abyssmarine_bricks":8,"minecraft:gray_wool":11,"minecraft:warped_roots":1,"alexscaves:cave_map":1,"minecraft:coal":206,"minecraft:sunflower":2}},"DataVersion":3465}