{"stats":{"minecraft:used":{"minecraft:chest":1,"minecraft:shield":60,"minecraft:iron_sword":83,"minecraft:rotten_flesh":3,"minecraft:iron_chestplate":2,"minecraft:soul_sand":5,"minecraft:carrot":12,"minecraft:tuff":4,"minecraft:iron_helmet":1,"minecraft:furnace":3,"minecraft:beetroot_seeds":2,"minecraft:potato":4,"minecraft:diorite":4,"naturalist:cooked_egg":2,"minecraft:stone_pickaxe":69,"minecraft:oak_planks":48,"minecraft:ender_pearl":1,"minecraft:wooden_pickaxe":25,"minecraft:white_wool":1,"minecraft:golden_apple":1,"minecraft:pitcher_pod":2,"alexscaves:cave_book":4,"waystones:waystone":3,"tombstone:grave_key":3,"minecraft:gravel":3,"supplementaries:flax_seeds":3,"minecraft:torchflower_seeds":2,"minecraft:andesite":15,"minecraft:smooth_stone_slab":1,"minecraft:oak_boat":1,"minecraft:bone_meal":25,"minecraft:iron_bars":6,"minecraft:stone_sword":54,"minecraft:netherrack":13,"minecraft:torch":14,"minecraft:dirt":22,"minecraft:iron_axe":191,"minecraft:basalt":2,"minecraft:soul_soil":15,"tombstone:gift":2,"minecraft:cooked_beef":12,"minecraft:cobbled_deepslate":68,"minecraft:cooked_mutton":5,"tombstone:scroll_of_reach":2,"minecraft:cobblestone_stairs":3,"minecraft:glass_bottle":1,"minecraft:mossy_cobblestone":4,"minecraft:tnt":3,"minecraft:crafting_table":7,"tombstone:bag_of_seeds":1,"minecraft:apple":1,"minecraft:iron_pickaxe":458,"tombstone:magic_scroll":5,"minecraft:stone_axe":205,"minecraft:enchanted_book":1,"minecraft:cobblestone":86,"minecraft:potion":5,"minecraft:cooked_porkchop":12,"minecraft:yellow_bed":2,"alexsmobs:animal_dictionary":1,"minecraft:gray_wool":16,"irons_spellbooks:inscription_table":8},"minecraft:mined":{"minecraft:large_amethyst_bud":7,"minecraft:cobblestone_stairs":3,"minecraft:sculk_vein":3,"alexsmobs:leafcutter_anthill":1,"minecraft:granite":2,"minecraft:budding_amethyst":3,"minecraft:grass_block":12,"minecraft:soul_soil":45,"minecraft:smooth_stone":8,"minecraft:tall_seagrass":4,"minecraft:glowstone":1,"supplementaries:sign_post":1,"minecraft:iron_ore":12,"minecraft:cobbled_deepslate":2,"alexscaves:abyssmarine_bricks":1,"minecraft:pumpkin":14,"minecraft:brown_bed":1,"minecraft:dirt_path":5,"minecraft:oak_stairs":3,"minecraft:iron_bars":7,"minecraft:pink_tulip":1,"supplementaries:book_pile":1,"minecraft:kelp_plant":31,"minecraft:medium_amethyst_bud":2,"minecraft:amethyst_cluster":2,"minecraft:powder_snow":1,"minecraft:clay":1,"minecraft:blast_furnace":1,"minecraft:poppy":1,"minecraft:mossy_cobblestone_wall":1,"minecraft:melon":1,"minecraft:chest":3,"minecraft:cobblestone":57,"minecraft:grindstone":2,"minecraft:sugar_cane":20,"minecraft:oak_planks":51,"minecraft:bricks":1,"minecraft:wall_torch":8,"minecraft:amethyst_block":12,"minecraft:cauldron":1,"minecraft:stone_stairs":2,"minecraft:seagrass":2,"minecraft:white_terracotta":1,"minecraft:mud":12,"minecraft:wheat":26,"minecraft:tnt":3,"minecraft:black_bed":2,"minecraft:smooth_stone_slab":1,"minecraft:grass":63,"minecraft:oak_log":20,"minecraft:beetroots":8,"minecraft:oak_fence_gate":1,"minecraft:sand":6,"minecraft:dirt":33,"minecraft:netherrack":17,"minecraft:oak_leaves":16,"minecraft:deepslate":53,"minecraft:dark_prismarine":1,"minecraft:tuff":5,"minecraft:mossy_cobblestone":8,"minecraft:candle":2,"alexscaves:abyssmarine":4,"minecraft:spruce_fence":1,"minecraft:kelp":8,"minecraft:redstone_ore":6,"minecraft:furnace":1,"minecraft:carrots":15,"minecraft:andesite":22,"minecraft:bell":2,"minecraft:potatoes":7,"minecraft:deepslate_iron_ore":8,"minecraft:lantern":2,"minecraft:stripped_oak_log":1,"minecraft:bamboo":2,"minecraft:stone":97,"irons_spellbooks:inscription_table":8,"minecraft:white_tulip":1,"minecraft:bone_block":8,"alexscaves:abyssmarine_brick_stairs":1,"minecraft:oak_slab":13,"minecraft:glass_pane":1,"minecraft:soul_sand":25,"minecraft:basalt":2,"minecraft:dandelion":3,"minecraft:oak_fence":2,"minecraft:crafting_table":4,"minecraft:cornflower":1,"minecraft:emerald_ore":3,"minecraft:tall_grass":12,"alexscaves:abyssmarine_pillar":1,"minecraft:lapis_ore":2,"minecraft:sculk":4,"minecraft:diorite":11,"supplementaries:urn":13,"minecraft:gray_wool":17,"minecraft:gray_bed":1,"minecraft:torchflower":2,"alexscaves:rusty_barrel":1,"minecraft:bee_nest":1,"minecraft:yellow_bed":2,"minecraft:coal_ore":19,"minecraft:cocoa":2,"minecraft:pitcher_crop":2,"minecraft:gravel":7,"minecraft:cobweb":52,"minecraft:fern":1},"minecraft:custom":{"minecraft:interact_with_crafting_table":28,"minecraft:open_barrel":11,"goblintraders:trade_with_goblin":12,"minecraft:leave_game":3,"minecraft:time_since_death":2011,"minecraft:sprint_one_cm":331979,"minecraft:damage_blocked_by_shield":4335,"minecraft:drop":214,"minecraft:talked_to_villager":48,"minecraft:play_time":314165,"minecraft:deaths":32,"minecraft:jump":3946,"minecraft:walk_on_water_one_cm":81883,"minecraft:interact_with_furnace":46,"minecraft:traded_with_villager":3,"minecraft:interact_with_loom":6,"minecraft:sleep_in_bed":8,"minecraft:waystone_activated":5,"minecraft:damage_dealt":13741,"minecraft:player_kills":11,"minecraft:crouch_one_cm":36682,"tombstone:undead_killed":28,"minecraft:horse_one_cm":371,"minecraft:mob_kills":71,"minecraft:climb_one_cm":9066,"minecraft:walk_one_cm":675802,"minecraft:sneak_time":10671,"minecraft:walk_under_water_one_cm":109156,"minecraft:boat_one_cm":474406,"minecraft:total_world_time":314165,"minecraft:time_since_rest":1773,"minecraft:damage_taken":12472,"minecraft:damage_absorbed":145,"minecraft:swim_one_cm":86809,"minecraft:fly_one_cm":618343,"minecraft:open_chest":42,"minecraft:fall_one_cm":102634},"minecraft:killed_by":{"irons_spellbooks:priest":3,"minecraft:piglin_brute":1,"minecraft:creeper":1,"alexsmobs:leafcutter_ant":1,"minecraft:drowned":5,"minecraft:zombie":2,"minecraft:player":5,"minecraft:enderman":1,"irons_spellbooks:necromancer":2,"alexsmobs:centipede_head":1,"minecraft:skeleton":5},"minecraft:broken":{"minecraft:iron_boots":1,"minecraft:stone_axe":1,"minecraft:iron_axe":1},"minecraft:killed":{"minecraft:cave_spider":3,"minecraft:spider":2,"naturalist:robin":1,"naturalist:snail":2,"minecraft:skeleton":7,"alexsmobs:leafcutter_ant":2,"minecraft:chicken":1,"minecraft:pig":6,"naturalist:snake":1,"minecraft:iron_golem":1,"minecraft:sheep":7,"minecraft:trader_llama":2,"minecraft:zombie":15,"alexsmobs:terrapin":2,"minecraft:cow":6,"irons_spellbooks:summoned_zombie":2,"alexsmobs:raccoon":2,"minecraft:horse":2,"naturalist:bass":1,"minecraft:drowned":4,"naturalist:giraffe":1,"minecraft:enderman":1},"minecraft:dropped":{"minecraft:lapis_lazuli":18,"irons_spellbooks:artificer_cane":1,"minecraft:oak_log":2,"minecraft:ender_pearl":1,"minecraft:glass_bottle":11,"minecraft:lantern":3,"minecraft:black_bed":3,"minecraft:leather":1,"minecraft:rail":45,"minecraft:flint":1,"minecraft:dirt":12,"minecraft:cornflower":2,"irons_spellbooks:arcane_essence":6,"minecraft:gold_nugget":4,"alexscaves:cave_map":1,"minecraft:amethyst_shard":16,"minecraft:iron_pickaxe":3,"minecraft:gold_ingot":3,"minecraft:white_tulip":1,"minecraft:stone_axe":2,"minecraft:sugar_cane":7,"alexsmobs:animal_dictionary":1,"alexscaves:cave_tablet":6,"tombstone:gift":2,"minecraft:oak_planks":63,"minecraft:glowstone_dust":4,"minecraft:stone_stairs":1,"minecraft:poppy":2,"supplementaries:ash":16,"minecraft:beetroot_seeds":6,"minecraft:chest":4,"minecraft:iron_bars":2,"minecraft:iron_ingot":3,"minecraft:bread":6,"minecraft:oak_slab":11,"minecraft:wheat_seeds":3,"minecraft:tnt":3,"minecraft:oak_fence":1,"minecraft:lead":1,"minecraft:feather":2,"minecraft:cobblestone":1,"minecraft:amethyst_block":12,"minecraft:copper_ingot":4,"minecraft:stick":2,"irons_spellbooks:scroll":3,"minecraft:melon_slice":3,"tombstone:grave_dust":2,"minecraft:potion":1,"minecraft:pumpkin":1,"minecraft:paper":6,"minecraft:dandelion":2,"minecraft:redstone":54,"minecraft:furnace":6,"minecraft:kelp":114,"irons_spellbooks:copper_spell_book":1,"minecraft:blaze_rod":4,"minecraft:stone_sword":1,"minecraft:tuff":2,"minecraft:raw_iron":1,"minecraft:chicken":2,"minecraft:spruce_fence":4,"minecraft:oak_sapling":7,"minecraft:oak_boat":2,"minecraft:brown_bed":1,"tombstone:essence_of_undeath":2,"minecraft:stone_pickaxe":1,"minecraft:bell":6},"minecraft:crafted":{"minecraft:brick":4,"minecraft:oak_planks":76,"irons_spellbooks:artificer_cane":1,"minecraft:cooked_mutton":11,"tombstone:grave_key":19,"minecraft:emerald":12,"irons_spellbooks:copper_spell_book":1,"sophisticatedbackpacks:backpack":3,"minecraft:cooked_porkchop":11,"minecraft:crafting_table":4,"minecraft:iron_helmet":1,"minecraft:copper_ingot":4,"minecraft:paper":6,"minecraft:shield":1,"minecraft:stick":20,"minecraft:iron_ingot":14,"minecraft:iron_pickaxe":2,"minecraft:stone_sword":1,"minecraft:gold_ingot":3,"naturalist:cooked_egg":2,"minecraft:furnace":3,"minecraft:bone_meal":96,"alexscaves:cave_map":1,"minecraft:iron_axe":1,"minecraft:stone_pickaxe":1,"sophisticatedbackpacks:iron_backpack":1,"minecraft:cooked_beef":14,"minecraft:iron_sword":1,"minecraft:bucket":1,"minecraft:stone_axe":2,"minecraft:potion":2,"minecraft:white_dye":19,"minecraft:torch":48},"minecraft:picked_up":{"irons_spellbooks:scroll":4,"minecraft:iron_chestplate":2,"minecraft:wheat":9,"minecraft:lead":3,"minecraft:oak_stairs":2,"minecraft:brown_bed":1,"irons_spellbooks:holy_rune":1,"minecraft:enchanted_book":1,"minecraft:potion":1,"minecraft:crimson_planks":3,"minecraft:amethyst_block":12,"alexscaves:rusty_barrel":1,"minecraft:string":55,"minecraft:soul_soil":38,"minecraft:smooth_stone_slab":1,"minecraft:iron_leggings":2,"minecraft:beetroot":6,"irons_spellbooks:artificer_cane":1,"irons_spellbooks:arcane_essence":3,"minecraft:smooth_stone":8,"minecraft:cobbled_deepslate":68,"minecraft:white_tulip":1,"minecraft:iron_pickaxe":2,"alexsmobs:raccoon_tail":1,"minecraft:melon_slice":3,"irons_spellbooks:inscription_table":8,"alexsmobs:leafcutter_ant_chamber":2,"minecraft:iron_boots":1,"minecraft:furnace":6,"minecraft:stick":19,"minecraft:oak_fence":2,"minecraft:torch":17,"minecraft:porkchop":13,"tombstone:grave_dust":3,"minecraft:diorite":9,"minecraft:rotten_flesh":11,"supplementaries:ash":16,"minecraft:blaze_rod":4,"minecraft:iron_bars":8,"irons_spellbooks:copper_spell_book":1,"minecraft:cobblestone":128,"minecraft:feather":4,"minecraft:cooked_beef":5,"minecraft:andesite":15,"minecraft:black_bed":3,"minecraft:potato":18,"minecraft:flint":1,"minecraft:tuff":5,"minecraft:lapis_lazuli":18,"minecraft:dirt":42,"minecraft:lantern":3,"minecraft:bone":12,"minecraft:wheat_seeds":48,"minecraft:bell":6,"minecraft:grindstone":1,"minecraft:glowstone_dust":4,"minecraft:pitcher_pod":1,"minecraft:oak_planks":73,"alexscaves:abyssmarine":6,"minecraft:sand":6,"minecraft:mossy_cobblestone":5,"alexsmobs:animal_dictionary":1,"waystones:waystone":2,"minecraft:granite":2,"minecraft:bone_meal":1,"minecraft:golden_apple":1,"minecraft:bread":3,"minecraft:emerald":37,"minecraft:oak_sapling":7,"minecraft:bricks":1,"minecraft:netherrack":13,"minecraft:mud":12,"minecraft:cocoa_beans":2,"minecraft:crafting_table":4,"minecraft:chicken":2,"minecraft:clay_ball":4,"minecraft:chest_minecart":1,"minecraft:wooden_pickaxe":1,"minecraft:shield":1,"minecraft:cornflower":2,"minecraft:stone_stairs":1,"minecraft:candle":3,"minecraft:beef":14,"minecraft:oak_boat":4,"irons_spellbooks:epic_ink":1,"minecraft:poppy":3,"minecraft:light_gray_wool":1,"irons_spellbooks:lightning_bottle":1,"minecraft:sugar_cane":22,"minecraft:chest":6,"minecraft:egg":2,"minecraft:raw_iron":19,"minecraft:copper_ingot":3,"minecraft:spruce_fence":4,"minecraft:carrot":33,"minecraft:redstone":54,"minecraft:tnt":6,"minecraft:arrow":1,"minecraft:beetroot_seeds":23,"tombstone:essence_of_undeath":3,"minecraft:mutton":10,"minecraft:white_wool":5,"minecraft:rail":45,"minecraft:bone_block":8,"minecraft:stripped_oak_log":1,"minecraft:basalt":2,"minecraft:leather":13,"minecraft:torchflower":2,"minecraft:oak_log":21,"minecraft:yellow_bed":2,"minecraft:gunpowder":2,"minecraft:cobblestone_stairs":3,"minecraft:paper":9,"tombstone:gift":1,"naturalist:bass":1,"minecraft:apple":1,"minecraft:kelp":114,"irons_spellbooks:blood_vial":1,"minecraft:iron_ingot":17,"tombstone:bag_of_seeds":1,"minecraft:glass_bottle":9,"minecraft:soul_sand":23,"alexscaves:abyssmarine_pillar":1,"minecraft:oak_slab":13,"minecraft:pumpkin":12,"minecraft:pitcher_plant":1,"minecraft:dandelion":2,"minecraft:gravel":3,"minecraft:amethyst_shard":16,"minecraft:blast_furnace":1,"minecraft:stone_axe":2,"minecraft:gray_wool":16,"tombstone:magic_scroll":1,"minecraft:coal":117,"minecraft:ender_pearl":2}},"DataVersion":3465}