{"stats":{"minecraft:crafted":{"minecraft:oak_planks":68,"minecraft:cooked_porkchop":2,"minecraft:crafting_table":2,"minecraft:furnace":1,"minecraft:stone_axe":1,"minecraft:shield":1,"minecraft:iron_axe":1,"tombstone:grave_key":2,"minecraft:stick":16,"minecraft:iron_ingot":7,"minecraft:iron_pickaxe":1,"minecraft:stone_pickaxe":1,"minecraft:stone_sword":1,"minecraft:torch":48,"naturalist:cooked_egg":2},"minecraft:custom":{"minecraft:interact_with_furnace":8,"minecraft:mob_kills":10,"minecraft:interact_with_crafting_table":6,"minecraft:leave_game":1,"minecraft:time_since_death":2831,"minecraft:time_since_rest":1375,"minecraft:sprint_one_cm":62122,"minecraft:damage_taken":2145,"minecraft:walk_one_cm":119805,"minecraft:damage_blocked_by_shield":870,"minecraft:drop":11,"minecraft:damage_dealt":2030,"minecraft:swim_one_cm":2245,"minecraft:player_kills":1,"minecraft:fly_one_cm":79354,"minecraft:crouch_one_cm":2682,"minecraft:play_time":37884,"tombstone:undead_killed":4,"minecraft:deaths":5,"minecraft:sneak_time":508,"minecraft:walk_under_water_one_cm":2014,"minecraft:boat_one_cm":52370,"minecraft:jump":562,"minecraft:walk_on_water_one_cm":6977,"minecraft:total_world_time":37884,"minecraft:fall_one_cm":13942},"minecraft:killed_by":{"irons_spellbooks:necromancer":1,"minecraft:skeleton":2},"minecraft:picked_up":{"minecraft:crafting_table":2,"minecraft:cooked_beef":5,"minecraft:chicken":1,"minecraft:chest_minecart":1,"minecraft:andesite":9,"minecraft:wooden_pickaxe":1,"minecraft:oak_log":17,"minecraft:shield":1,"minecraft:amethyst_block":12,"minecraft:dirt":1,"minecraft:cornflower":2,"minecraft:string":39,"minecraft:lantern":1,"minecraft:bone":2,"minecraft:apple":1,"irons_spellbooks:arcane_essence":1,"minecraft:wheat_seeds":2,"minecraft:cobbled_deepslate":2,"minecraft:white_tulip":1,"minecraft:oak_boat":1,"minecraft:poppy":1,"minecraft:furnace":2,"minecraft:egg":2,"minecraft:stick":17,"minecraft:raw_iron":11,"minecraft:dandelion":2,"minecraft:porkchop":6,"minecraft:amethyst_shard":4,"tombstone:grave_dust":1,"minecraft:beetroot_seeds":6,"minecraft:stone_axe":1,"minecraft:granite":2,"minecraft:emerald":28,"supplementaries:ash":5,"minecraft:oak_sapling":7,"minecraft:coal":74,"minecraft:rail":15,"minecraft:cobblestone":32},"minecraft:killed":{"minecraft:cave_spider":3,"minecraft:pig":2,"irons_spellbooks:summoned_zombie":2,"naturalist:snake":1,"minecraft:skeleton":1,"minecraft:zombie":1},"minecraft:used":{"minecraft:stone_sword":36,"minecraft:stone_pickaxe":69,"minecraft:shield":8,"minecraft:wooden_pickaxe":25,"minecraft:torch":9,"minecraft:crafting_table":3,"minecraft:apple":1,"minecraft:iron_axe":16,"minecraft:iron_pickaxe":13,"minecraft:stone_axe":49,"minecraft:cobblestone":9,"minecraft:furnace":1,"minecraft:cooked_porkchop":2,"tombstone:gift":1,"minecraft:cooked_beef":2},"minecraft:mined":{"minecraft:large_amethyst_bud":2,"minecraft:medium_amethyst_bud":1,"minecraft:amethyst_cluster":1,"minecraft:dandelion":3,"minecraft:powder_snow":1,"minecraft:crafting_table":2,"minecraft:cornflower":1,"minecraft:granite":2,"minecraft:budding_amethyst":3,"minecraft:grass_block":1,"minecraft:poppy":1,"minecraft:tall_grass":5,"minecraft:lapis_ore":1,"minecraft:diorite":2,"minecraft:wall_torch":2,"minecraft:amethyst_block":12,"supplementaries:urn":2,"minecraft:furnace":1,"minecraft:iron_ore":6,"minecraft:andesite":12,"minecraft:bee_nest":1,"minecraft:grass":11,"minecraft:oak_log":17,"minecraft:coal_ore":19,"minecraft:deepslate_iron_ore":6,"minecraft:lantern":1,"minecraft:cobweb":36,"minecraft:pink_tulip":1,"minecraft:white_tulip":1,"minecraft:stone":29,"minecraft:oak_leaves":3,"minecraft:deepslate":2},"minecraft:dropped":{"minecraft:white_tulip":1,"minecraft:furnace":1,"minecraft:stone_axe":1,"minecraft:lantern":1,"minecraft:dirt":1,"supplementaries:ash":5,"minecraft:cornflower":2,"minecraft:beetroot_seeds":6,"tombstone:grave_dust":1}},"DataVersion":3465}